,Producto,Cantidad,Venta,Etiquetas
0,Producto 448,0.0005583514404801803,0.0009170261201934945,No Exitoso
1,Producto 169,0.00020337965081244306,0.0004614903974617626,No Exitoso
2,Producto 301,0.0003887944687832199,0.00045452770938588275,No Exitoso
3,Producto 518,0.0013307283586419393,9.892154164790246e-05,No Exitoso
4,Producto 362,0.00011089402988682827,0.00010304327254989839,No Exitoso
5,Producto 545,0.0006034853106441194,0.0008541821420572909,No Exitoso
6,Producto 175,0.0014416223885287676,0.0009109025293411018,No Exitoso
7,Producto 210,0.00044357611954731307,0.0005852857880834229,No Exitoso
8,Producto 198,0.00025350375232128944,0.000408365063975128,No Exitoso
9,Producto 222,0.004103079105812646,0.005718901626519361,Comun
10,Producto 574,0.008095264181738464,0.008725704319525397,Exitoso
11,Producto 366,0.001219834328755111,0.0008161027185951953,No Exitoso
12,Producto 462,0.0013307283586419393,0.0013601711976586588,No Exitoso
13,Producto 453,0.0007341184778508032,0.001169335119092277,No Exitoso
14,Producto 228,0.0011089402988682827,0.00035034712666965457,No Exitoso
15,Producto 64,0.0014416223885287676,0.0006965725224373131,No Exitoso
16,Producto 375,0.0004460157882048233,0.0005578578204435908,No Exitoso
17,Producto 116,0.00015436448960246495,0.00021499342985824608,No Exitoso
18,Producto 454,0.0005544701494341413,0.0006388682898093701,No Exitoso
19,Producto 178,3.2824632846501165e-05,7.968847089815042e-05,No Exitoso
20,Producto 10,0.002106986567849737,0.0015662577427584556,Comun
21,Producto 18,9.448171346357768e-05,0.0007433303183967506,No Exitoso
22,Producto 595,0.001663410448302424,0.002380299595902653,Comun
23,Producto 281,0.0015525164184155957,0.0004616338610235448,Comun
24,Producto 102,0.0003031842777105885,0.000323576492096854,No Exitoso
25,Producto 556,0.000785240625628631,0.0010237920763796853,No Exitoso
26,Producto 158,0.0007762582092077978,0.00020196481419780085,No Exitoso
27,Producto 94,0.0003326820896604848,1.2365192705987807e-05,No Exitoso
28,Producto 360,0.0006493954390172663,0.0008794745231002964,No Exitoso
29,Producto 497,3.659502986265333e-05,8.15473919428407e-05,No Exitoso
30,Producto 440,2.9719600009669978e-05,0.00010818481315960465,No Exitoso
31,Producto 84,0.0001403918418367246,0.0008098871043711574,No Exitoso
32,Producto 596,0.004435761195473131,0.0022257346870778053,Comun
33,Producto 551,0.009980462689814545,0.007419115623592684,Exitoso
34,Producto 248,0.005544701494341413,0.002782168358847257,Comun
35,Producto 411,7.684956271157198e-05,0.00021540823459514766,No Exitoso
36,Producto 277,0.0008338122107190617,0.0010538369012835487,No Exitoso
37,Producto 188,0.0003326820896604848,0.0005007903045925061,No Exitoso
38,Producto 32,3.57078776235587e-05,0.00010524633983943071,No Exitoso
39,Producto 89,0.003326820896604848,0.00024730385411975614,Comun
40,Producto 523,8.993505823821773e-05,0.0006035778295585316,No Exitoso
41,Producto 231,0.009425992540380403,0.0022772563233527544,Exitoso
42,Producto 445,0.0005811956106368669,0.000544993828272779,No Exitoso
43,Producto 211,0.0051011253747941,0.00929038145309884,Comun
44,Producto 70,0.00953688657026723,0.01453322316043767,Exitoso
45,Producto 108,0.0003730475165392903,0.000510475485546053,No Exitoso
46,Producto 229,0.00022178805977365654,0.00035034712666965457,No Exitoso
47,Producto 586,0.0005544701494341413,0.0003400427994146647,No Exitoso
48,Producto 336,0.0009980462689814543,0.0013354408122466831,No Exitoso
49,Producto 52,0.00047007979269026503,0.0008697181941683585,No Exitoso
50,Producto 90,0.00016013097915658,0.0007296307906476589,No Exitoso
51,Producto 575,0.0014416223885287676,0.0017146400552303094,No Exitoso
52,Producto 351,8.250515823580023e-05,0.00011683183824825669,No Exitoso
53,Producto 550,5.9550094049226785e-05,0.0005886172917953597,No Exitoso
54,Producto 199,0.0004135238374479826,0.0005745161153833187,No Exitoso
55,Producto 115,0.00029586527173805786,0.0003773267726776801,No Exitoso
56,Producto 196,0.00047196499119834113,0.0005637648048904801,No Exitoso
57,Producto 4,0.007429900002417494,0.0038661835860721878,Comun
58,Producto 543,0.00048105830164906106,0.0009298279736178036,No Exitoso
59,Producto 33,3.227016269706702e-05,0.00015494803823402862,No Exitoso
60,Producto 182,0.0013307283586419393,0.00012365192705987807,No Exitoso
61,Producto 20,0.0005434916404753453,0.0006160614492391511,No Exitoso
62,Producto 355,0.004546655225359959,0.0036333057901094174,Comun
63,Producto 367,0.00015292286721393618,0.0006448654739044319,No Exitoso
64,Producto 582,0.0009980462689814543,0.001595109859072427,No Exitoso
65,Producto 110,0.0003356762284674292,0.0007891200113450123,No Exitoso
66,Producto 9,9.880658062916399e-05,0.0003982554243475725,No Exitoso
67,Producto 255,0.0036595029862653327,0.006324796069112764,Comun
68,Producto 327,0.00018818716871794758,0.0009592994840899158,No Exitoso
69,Producto 270,0.008095264181738464,0.013088556479288095,Exitoso
70,Producto 471,0.009204204480606746,0.017105183243283133,Exitoso
71,Producto 16,0.00022178805977365654,9.892154164790246e-05,No Exitoso
72,Producto 487,9.470350152335134e-05,0.00015491543325959708,No Exitoso
73,Producto 263,0.0003773723837048766,0.0009478721012046195,No Exitoso
74,Producto 139,8.971327017844407e-05,0.0005846345409978353,No Exitoso
75,Producto 326,0.0011089402988682827,0.0017311269788382931,No Exitoso
76,Producto 163,0.0002846649747194882,0.00033894684211748774,No Exitoso
77,Producto 105,0.0004938111150860463,0.0005255390230675397,No Exitoso
78,Producto 2,0.005544701494341413,0.007419115623592684,Comun
79,Producto 330,0.001663410448302424,0.0015456490882484759,Comun
80,Producto 414,0.0008871522390946261,0.0004616338610235448,No Exitoso
81,Producto 571,0.00022178805977365654,0.0001607475051778415,No Exitoso
82,Producto 218,0.004879337315020444,0.0016322054371903905,Comun
83,Producto 97,0.0009980462689814543,0.0012983452341287197,No Exitoso
84,Producto 166,0.0031050328368311913,0.0002885211631397155,Comun
85,Producto 220,0.005544701494341413,0.0026791250862973582,Comun
86,Producto 321,0.00023021600604505548,0.00029563437959575714,No Exitoso
87,Producto 480,0.0015525164184155957,0.0019619439093500656,Comun
88,Producto 309,0.0052120194046809286,0.0005811640571814269,Comun
89,Producto 253,0.0006653641793209696,0.0005811640571814269,No Exitoso
90,Producto 504,0.00018330783140292712,0.00017263972327580493,No Exitoso
91,Producto 338,0.010091356719701372,0.01031463158224483,Exitoso
92,Producto 450,0.00011699320153060382,0.00022572846036540955,No Exitoso
93,Producto 12,0.0006454032539413405,0.0005564608599680133,No Exitoso
94,Producto 280,0.00022178805977365654,4.5339039921955296e-05,No Exitoso
95,Producto 23,8.006548957829e-05,0.0001397536332389415,No Exitoso
96,Producto 510,0.0008871522390946261,0.001022189263694992,No Exitoso
97,Producto 377,0.004213973135699474,0.005873466535344208,Comun
98,Producto 475,0.0002533928582914026,0.00033075751090861093,No Exitoso
99,Producto 333,0.00030030103293353095,0.0009940788826395832,No Exitoso
100,Producto 147,0.007429900002417494,0.0077323671721443756,Comun
101,Producto 100,0.002439668657510222,0.004125852632897932,Comun
102,Producto 226,6.431853733436039e-05,0.0002329786210826822,No Exitoso
103,Producto 323,0.0006719069270842925,0.0007135305010055249,No Exitoso
104,Producto 549,0.010091356719701372,0.017441104311795803,Exitoso
105,Producto 17,0.0013307283586419393,0.0019042396767221224,No Exitoso
106,Producto 21,0.005322913434567757,0.006330978665465757,Comun
107,Producto 138,0.001663410448302424,0.0019166048694281102,Comun
108,Producto 156,0.0009980462689814543,0.001799135538721226,No Exitoso
109,Producto 85,0.0001632360119934112,0.0003596398810327236,No Exitoso
110,Producto 243,0.0022178805977365653,0.0031737327945368706,Comun
111,Producto 538,8.749538958070751e-05,0.0001543970070363707,No Exitoso
112,Producto 209,0.009315098510493575,0.006578282519585514,Exitoso
113,Producto 385,0.006875429852983353,0.0016610575535043622,Comun
114,Producto 42,0.005544701494341413,0.0016486923607983742,Comun
115,Producto 494,0.00022178805977365654,0.00018959962149181305,No Exitoso
116,Producto 526,0.001219834328755111,0.0017682225569562564,No Exitoso
117,Producto 55,4.369224777541034e-05,0.00013192368449935275,No Exitoso
118,Producto 537,0.0036595029862653327,0.004556573512156507,Comun
119,Producto 69,5.589059106296145e-05,0.00024121540898025963,No Exitoso
120,Producto 31,0.00011089402988682827,8.449548349091668e-05,No Exitoso
121,Producto 553,0.004546655225359959,0.0015209187028365004,Comun
122,Producto 546,0.0019960925379629087,0.0017805877496622443,Comun
123,Producto 73,0.0022178805977365653,0.0015662577427584556,Comun
124,Producto 579,0.0013307283586419393,0.002052621989193976,Comun
125,Producto 215,0.0003326820896604848,0.0005873466535344209,No Exitoso
126,Producto 483,0.0008871522390946261,0.00032973847215967485,No Exitoso
127,Producto 274,0.007540794032304322,0.013173051962779011,Exitoso
128,Producto 161,0.00016556478662103463,0.00025510103755732767,No Exitoso
129,Producto 409,0.00039555900460631644,0.000623275489025724,No Exitoso
130,Producto 536,0.00011089402988682827,7.419115623592685e-05,No Exitoso
131,Producto 254,0.00010534932839248685,0.000143097660009172,No Exitoso
132,Producto 525,0.00022178805977365654,0.00038332097388562203,No Exitoso
133,Producto 506,0.00021247296126316296,0.0004506823790324942,No Exitoso
134,Producto 577,0.00015758041646918297,0.0007722975247228106,No Exitoso
135,Producto 361,0.003770397016152161,0.0038538183933662,Comun
136,Producto 66,0.00032769185831557754,0.0003318144582256008,No Exitoso
137,Producto 417,0.004879337315020444,0.006438143668917652,Comun
138,Producto 39,8.339231047489486e-05,0.0003038898432334186,No Exitoso
139,Producto 171,8.882611793934946e-05,0.0005785082437584546,No Exitoso
140,Producto 428,0.00011089402988682827,4.5339039921955296e-05,No Exitoso
141,Producto 203,0.00953688657026723,0.00407639186207398,Exitoso
142,Producto 370,0.00023254478067267887,0.000448981257604898,No Exitoso
143,Producto 267,0.005544701494341413,0.0014426058156985775,Comun
144,Producto 405,0.003326820896604848,0.0059971184624040864,Comun
145,Producto 470,0.007208111942643838,0.012457931651282715,Comun
146,Producto 353,0.0006434071614033776,0.000801922845564674,No Exitoso
147,Producto 173,0.00011089402988682827,0.00018547789058981712,No Exitoso
148,Producto 421,0.0018851985080760806,0.0031180894273599253,Comun
149,Producto 136,0.006320959703549211,0.006460813188878629,Comun
150,Producto 265,0.001663410448302424,0.0008037375258892075,Comun
151,Producto 118,0.0007762582092077978,0.00027409510498272973,No Exitoso
152,Producto 146,0.004435761195473131,0.0024730385411975615,Comun
153,Producto 273,0.004546655225359959,0.004055783207564001,Comun
154,Producto 219,5.134393583760149e-05,6.960784260549137e-05,No Exitoso
155,Producto 346,0.0004095316523720568,0.0008865956463843705,No Exitoso
156,Producto 201,0.0003848022837072941,0.0004169820802816413,No Exitoso
157,Producto 294,0.0005544701494341413,0.00018547789058981712,No Exitoso
158,Producto 420,0.003992185075925817,0.001928970062134098,Comun
159,Producto 195,0.001663410448302424,0.00040186876294460376,Comun
160,Producto 449,0.00039167771356027743,0.0008203974948351449,No Exitoso
161,Producto 593,0.00044357611954731307,4.946077082395123e-05,No Exitoso
162,Producto 251,0.000551476010627197,0.0009021024327160951,No Exitoso
163,Producto 521,0.0006653641793209696,0.0009521198383610612,No Exitoso
164,Producto 544,0.0004687490643316231,0.000507297569368614,No Exitoso
165,Producto 380,0.00011056134779716779,0.0003025845893142571,No Exitoso
166,Producto 459,0.00022079001350467509,0.00048431752362418075,No Exitoso
167,Producto 79,0.0031050328368311913,0.003577662422932472,Comun
168,Producto 376,0.00044357611954731307,0.000511094631847496,No Exitoso
169,Producto 145,0.0007762582092077978,0.0012262149433437909,No Exitoso
170,Producto 520,0.00080974820623362,0.0006409045793520936,No Exitoso
171,Producto 58,0.00010002641495791911,0.0007901993387974904,No Exitoso
172,Producto 548,0.007651688062191151,0.008389783251012728,Exitoso
173,Producto 529,0.0019960925379629087,0.0014467275466005735,Comun
174,Producto 324,0.000650282591256361,0.0007960761371207255,No Exitoso
175,Producto 312,0.004990231344907272,0.00769733245947741,Comun
176,Producto 476,0.000310614177713006,0.0006291456834903223,No Exitoso
177,Producto 560,0.00011089402988682827,0.00015044317792285166,No Exitoso
178,Producto 406,0.0015525164184155957,0.0028563595150831833,Comun
179,Producto 298,0.0005544701494341413,0.0007419115623592685,No Exitoso
180,Producto 587,0.004657549255246788,0.0004327817447095733,Comun
181,Producto 460,0.00022023554335524095,0.0002679424898862969,No Exitoso
182,Producto 493,0.00026093365232370696,0.00028235482455323967,No Exitoso
183,Producto 189,0.0011089402988682827,0.001854778905898171,No Exitoso
184,Producto 349,0.00022178805977365654,0.00024730385411975614,No Exitoso
185,Producto 190,0.0019960925379629087,0.00281926393696522,Comun
186,Producto 297,0.00015403180751280446,0.00017219580301075277,No Exitoso
187,Producto 128,0.0001722184284142443,0.0006930166985402083,No Exitoso
188,Producto 75,0.0003326820896604848,0.0005997118462404086,No Exitoso
189,Producto 446,0.004657549255246788,0.004760599191805306,Comun
190,Producto 262,0.0006653641793209696,0.00040805135929759763,No Exitoso
191,Producto 438,0.002106986567849737,0.003015046154810027,Comun
192,Producto 183,0.001663410448302424,0.0021329957417828968,Comun
193,Producto 419,8.649734331172605e-05,0.00047695550871521903,No Exitoso
194,Producto 444,0.001663410448302424,0.0025966904682574394,Comun
195,Producto 291,0.003992185075925817,0.002299925843313732,Comun
196,Producto 98,0.0022178805977365653,0.0010716500345189432,Comun
197,Producto 252,0.00040387605684782854,0.0003315360792092355,No Exitoso
198,Producto 60,0.0011089402988682827,0.0011953019615788213,No Exitoso
199,Producto 260,0.00020715004782859522,0.0002609201360478222,No Exitoso
200,Producto 565,0.00024895709709592945,0.00019945278574123656,No Exitoso
201,Producto 519,0.00036195811355060745,0.0010045390717369489,No Exitoso
202,Producto 269,0.00044357611954731307,5.77042326279431e-05,No Exitoso
203,Producto 286,6.420764330447356e-05,0.00011539657699234125,No Exitoso
204,Producto 592,0.0006323177584146947,0.0007105498119599255,No Exitoso
205,Producto 317,0.0014416223885287676,5.358250172594717e-05,No Exitoso
206,Producto 148,0.0006329831225940158,0.0007081333091673754,No Exitoso
207,Producto 202,0.000645735936031001,0.0009762107687173523,No Exitoso
208,Producto 443,9.559065376244596e-05,0.00040906635097326394,No Exitoso
209,Producto 258,0.0005544701494341413,0.0003091298176496952,No Exitoso
210,Producto 63,0.00013207478959521247,0.00029843684083074543,No Exitoso
211,Producto 279,0.00013362730601362808,0.0001544648422172085,No Exitoso
212,Producto 287,0.002106986567849737,0.0007831288713792278,Comun
213,Producto 236,0.0007762582092077978,0.00037507751208163017,No Exitoso
214,Producto 37,0.0005699953136182972,0.0008683414491986704,No Exitoso
215,Producto 295,0.0005544701494341413,6.182596352993903e-05,No Exitoso
216,Producto 372,0.007984370151851635,0.008309409498423806,Exitoso
217,Producto 132,0.0007762582092077978,0.0009665458965180469,No Exitoso
218,Producto 558,0.0002428579254521539,0.00027086205804214067,No Exitoso
219,Producto 495,0.0019960925379629087,0.00270797720261133,Comun
220,Producto 250,6.376406718492625e-05,8.062181972654086e-05,No Exitoso
221,Producto 194,0.003326820896604848,0.001483823124718537,Comun
222,Producto 532,0.0005544701494341413,0.00038126010843462404,No Exitoso
223,Producto 83,0.00576648955411507,0.008251705265795864,Comun
224,Producto 234,0.000291207722482811,0.0002718245933695025,No Exitoso
225,Producto 365,0.0005167661792726197,0.0004952802631865985,No Exitoso
226,Producto 91,0.0034377149264916765,0.003960983396818094,Comun
227,Producto 78,0.0029941388069443632,0.0018362311168391894,Comun
228,Producto 157,0.0003356762284674292,0.0007901875042170579,No Exitoso
229,Producto 208,0.004657549255246788,0.0036353666555604155,Comun
230,Producto 230,0.0008451234017675183,0.0009962808569006047,No Exitoso
231,Producto 186,0.005877383584001898,0.0036044536737954457,Comun
232,Producto 266,0.00041263668520888797,0.0010230053184103688,No Exitoso
233,Producto 87,0.00255056268739705,0.0018485963095451771,Comun
234,Producto 486,0.0006653641793209696,0.00025966904682574394,No Exitoso
235,Producto 36,8.727360152093385e-05,0.0003412357349755076,No Exitoso
236,Producto 509,0.006875429852983353,0.002938794133123102,Comun
237,Producto 590,0.0005502561762984418,0.0006685168822438041,No Exitoso
238,Producto 140,0.00044357611954731307,0.0006017727116914066,No Exitoso
239,Producto 167,0.0001953952806605914,0.0002479638439146099,No Exitoso
240,Producto 402,0.006210065673662383,0.010040536477262099,Comun
241,Producto 72,0.0006969689778387157,0.0008196554634247289,No Exitoso
242,Producto 101,0.0067645358230965244,0.0011314151325978845,Comun
243,Producto 185,0.0017743044781892523,0.0004946077082395123,Comun
244,Producto 431,0.005877383584001898,0.0030583243292809843,Comun
245,Producto 566,0.0006327613345342421,0.0009782367367618943,No Exitoso
246,Producto 371,0.0003291334807041063,0.0006047618766929522,No Exitoso
247,Producto 564,0.00025838308963630987,0.0002839949017431822,No Exitoso
248,Producto 174,5.3672710465224883e-05,0.00011922391546297575,No Exitoso
249,Producto 393,3.8702016430503066e-05,5.0785505188854924e-05,No Exitoso
250,Producto 418,8.90479059991231e-05,0.0002596642204429547,No Exitoso
251,Producto 427,0.0017743044781892523,0.0026049339300614313,Comun
252,Producto 43,0.007540794032304322,0.0033633324160286834,Exitoso
253,Producto 465,0.00014948515228744452,0.000689625645329125,No Exitoso
254,Producto 114,0.00046409151507637627,0.0005855217454917475,No Exitoso
255,Producto 285,0.0038812910460389893,0.0032458630853217994,Comun
256,Producto 555,0.00013739770302978024,0.0007797845927132372,No Exitoso
257,Producto 508,0.004435761195473131,0.005523119408674554,Comun
258,Producto 357,0.002328774627623394,0.0037652011789732873,Comun
259,Producto 511,0.0002906532523333769,0.0004971318124733009,No Exitoso
260,Producto 121,0.0007233617569517807,0.0008177664549502593,No Exitoso
261,Producto 35,0.004768443285133615,0.003987774647681068,Comun
262,Producto 13,0.00022178805977365654,0.00018959962149181305,No Exitoso
263,Producto 484,0.0014416223885287676,0.0015806838009154414,No Exitoso
264,Producto 599,0.00022178805977365654,0.000321495010355683,No Exitoso
265,Producto 96,8.716270749104702e-05,0.00043202014655336485,No Exitoso
266,Producto 216,0.002328774627623394,0.00242357777037361,Comun
267,Producto 124,0.0008708508167012623,0.0009612763980192651,No Exitoso
268,Producto 390,0.00576648955411507,0.002571960082845464,Comun
269,Producto 131,0.0006653641793209696,0.0008037375258892075,No Exitoso
270,Producto 339,0.00040864450013296217,0.00042168268902231576,No Exitoso
271,Producto 288,0.0002914295105425847,0.0006481799625298084,No Exitoso
272,Producto 540,0.0010072504734620611,0.0010708157889848494,No Exitoso
273,Producto 223,4.779532688122298e-05,6.492964201615174e-05,No Exitoso
274,Producto 99,8.117442987715829e-05,0.00014635220620669152,No Exitoso
275,Producto 29,0.002106986567849737,0.00309335904194795,Comun
276,Producto 289,0.00025062050754423186,0.0006551947543447421,No Exitoso
277,Producto 335,0.007984370151851635,0.013354408122466832,Exitoso
278,Producto 134,0.00014793263586902893,0.00035143424986872464,No Exitoso
279,Producto 507,0.0015525164184155957,0.0014426058156985775,Comun
280,Producto 67,0.00019151398961455242,0.0003139599220755323,No Exitoso
281,Producto 552,0.0005949464703428336,0.0006731903469792694,No Exitoso
282,Producto 395,0.0007437662584509572,0.0007168527599164408,No Exitoso
283,Producto 578,6.210065673662384e-05,0.000246023692992548,No Exitoso
284,Producto 583,9.492528958312499e-05,0.00011091534970099846,No Exitoso
285,Producto 24,0.0029941388069443632,0.0004451469374155611,Comun
286,Producto 598,0.0013307283586419393,0.0008902938748311222,No Exitoso
287,Producto 278,0.0014416223885287676,0.0011252325362448904,No Exitoso
288,Producto 129,0.0026614567172838785,0.0006924507915353172,Comun
289,Producto 322,0.004103079105812646,0.0035075929975985414,Comun
290,Producto 320,4.491208210416545e-05,0.00026584145768227495,No Exitoso
291,Producto 457,0.005433807464454586,0.005856979611736225,Comun
292,Producto 554,0.0008130750271302248,0.0009693452816508406,No Exitoso
293,Producto 388,0.00015203571497484156,0.00014807483655887043,No Exitoso
294,Producto 379,0.00026304063889155666,0.0010746957104831663,No Exitoso
295,Producto 364,0.002883244777057535,0.0050903376639649806,Comun
296,Producto 180,0.00027823312098605214,0.0002920315947449397,No Exitoso
297,Producto 439,0.0004645350911959236,0.0005317652693083923,No Exitoso
298,Producto 488,0.00576648955411507,0.005143920165690928,Comun
299,Producto 455,0.005322913434567757,0.00039568616659160983,Comun
300,Producto 296,0.008206158211625292,0.006100161734953985,Exitoso
301,Producto 425,0.00010723452690056293,0.00019998279690026257,No Exitoso
302,Producto 271,0.0006653641793209696,0.0007171811769472929,No Exitoso
303,Producto 26,0.001219834328755111,0.0012014845579318154,No Exitoso
304,Producto 120,7.507525823338274e-05,0.0004403062467971604,No Exitoso
305,Producto 227,0.0029941388069443632,0.002448308155785586,Comun
306,Producto 386,2.8610659710801696e-05,0.00010663280193432892,No Exitoso
307,Producto 225,0.00013107674332623102,0.0005435881859728273,No Exitoso
308,Producto 315,0.00255056268739705,0.0027491945116312894,Comun
309,Producto 56,0.00022755454932777162,0.0004743988063087842,No Exitoso
310,Producto 65,0.0077625820920779786,0.0008655634894191466,Exitoso
311,Producto 103,0.007429900002417494,0.006213509334758873,Comun
312,Producto 594,0.0011089402988682827,0.00041217309019959356,No Exitoso
313,Producto 389,0.0005259703837532265,0.0007641926124748503,No Exitoso
314,Producto 392,0.0009980462689814543,0.0012427018669517746,No Exitoso
315,Producto 80,0.00024163809112339878,0.00041988914258538345,No Exitoso
316,Producto 400,0.0007560754957683951,0.0007805227875843702,No Exitoso
317,Producto 479,0.0019960925379629087,0.0012983452341287197,Comun
318,Producto 305,0.00029109682845292423,0.0010081938569327313,No Exitoso
319,Producto 307,0.0006543856703621736,0.0005480241970354964,No Exitoso
320,Producto 517,0.0005950573643727204,0.0006252393901341194,No Exitoso
321,Producto 572,0.0009980462689814543,5.5643367176945135e-05,No Exitoso
322,Producto 93,0.005433807464454586,0.001413753699384606,Comun
323,Producto 513,0.0036595029862653327,0.006324796069112764,Comun
324,Producto 221,0.004213973135699474,0.006813221180999282,Comun
325,Producto 435,0.001219834328755111,0.0021309348763318987,Comun
326,Producto 239,0.0035486089563785046,0.0005935292498874148,Comun
327,Producto 314,0.003326820896604848,0.0012365192705987807,Comun
328,Producto 473,0.001219834328755111,0.0019722482366050552,No Exitoso
329,Producto 77,5.6888637331942905e-05,0.00010215544963240398,No Exitoso
330,Producto 557,0.00013207478959521247,0.00032927596599652465,No Exitoso
331,Producto 133,0.00014194435825514018,0.0005432809282881408,No Exitoso
332,Producto 490,0.000727132153967933,0.0007712916402217461,No Exitoso
333,Producto 492,0.005655595524228242,0.002522499312021513,Comun
334,Producto 38,0.0007762582092077978,0.0005049120354945021,No Exitoso
335,Producto 348,7.995459554840318e-05,0.00025536017542125586,No Exitoso
336,Producto 368,0.0006659186494704037,0.0007642435220634964,No Exitoso
337,Producto 159,0.0014416223885287676,0.0023844213268046487,Comun
338,Producto 28,0.0005401648195787406,0.0008041792674011493,No Exitoso
339,Producto 369,0.00013717591497000657,0.0007561571148373113,No Exitoso
340,Producto 213,0.0059882776138887265,0.006009483655110074,Comun
341,Producto 191,3.57078776235587e-05,0.00027892294914682057,No Exitoso
342,Producto 396,0.0004192903270020977,0.0004725887289008411,No Exitoso
343,Producto 40,0.00012043091645709551,0.00023615841198536028,No Exitoso
344,Producto 68,0.002883244777057535,0.0009109025293411018,Comun
345,Producto 113,0.0017743044781892523,0.0023411431523336916,Comun
346,Producto 275,0.0003001901389036441,0.00032063906335934723,No Exitoso
347,Producto 34,0.00044357611954731307,0.0004369034756115692,No Exitoso
348,Producto 401,0.001219834328755111,0.0007707636786732399,No Exitoso
349,Producto 240,0.0001828642552833798,0.0005990511280844331,No Exitoso
350,Producto 464,0.008871522390946261,0.011046238817349108,Exitoso
351,Producto 542,0.0002196810732058068,0.0002645296625330653,No Exitoso
352,Producto 354,2.8499765680914867e-05,0.00016634588610386995,No Exitoso
353,Producto 50,0.00255056268739705,0.003080993849241962,Comun
354,Producto 204,0.0006360881554308469,0.0006843171299397802,No Exitoso
355,Producto 264,0.00012409041944336084,0.000777150096884025,No Exitoso
356,Producto 41,0.00011089402988682827,0.00016486923607983742,No Exitoso
357,Producto 516,7.840207912998758e-05,0.00011676494247540242,No Exitoso
358,Producto 11,0.0015525164184155957,0.0005481902099654595,Comun
359,Producto 530,0.0005119977359874862,0.0006997453656496411,No Exitoso
360,Producto 584,0.009315098510493575,0.005539606332282537,Exitoso
361,Producto 502,0.0038812910460389893,0.0002885211631397155,Comun
362,Producto 514,0.000654829246481721,0.0007787247278859994,No Exitoso
363,Producto 576,0.0005276337942015289,0.0005020085325807016,No Exitoso
364,Producto 597,0.00010590379854192099,0.00013552966955440227,No Exitoso
365,Producto 331,0.0011089402988682827,0.0016899096698183337,No Exitoso
366,Producto 7,9.603422988199328e-05,0.0007660396857216373,No Exitoso
367,Producto 224,0.0003326820896604848,0.000574981460828433,No Exitoso
368,Producto 212,0.0005342874359947385,0.0007812464632881624,No Exitoso
369,Producto 434,0.000674124807682029,0.0006187431078709297,No Exitoso
370,Producto 205,0.0038812910460389893,0.006708117042998386,Comun
371,Producto 187,0.006320959703549211,0.011746933070688416,Comun
372,Producto 432,0.00022178805977365654,0.00018959962149181305,No Exitoso
373,Producto 342,2.7723507471707067e-05,6.0675654251422486e-05,No Exitoso
374,Producto 447,6.653641793209696e-05,0.00011441250032499952,No Exitoso
375,Producto 45,0.0003326820896604848,0.0005997118462404086,No Exitoso
376,Producto 524,0.0014416223885287676,0.001285980041422732,No Exitoso
377,Producto 107,0.0026614567172838785,0.004896616311571172,Comun
378,Producto 15,0.0027723507471707066,0.0024215169049226124,Comun
379,Producto 200,0.0005726567703355812,0.0008785658520980027,No Exitoso
380,Producto 193,0.0067645358230965244,0.002639968642728397,Comun
381,Producto 499,0.00044357611954731307,0.0005658260500510568,No Exitoso
382,Producto 261,4.491208210416545e-05,0.00032315147956723985,No Exitoso
383,Producto 8,0.00022566935081969554,0.00032899012995326525,No Exitoso
384,Producto 144,0.0007879020823459149,0.0007748037397268743,No Exitoso
385,Producto 319,0.00964778060015406,0.012550670596577624,Exitoso
386,Producto 397,0.00255056268739705,0.003317993376106728,Comun
387,Producto 61,7.829118510010075e-05,0.0001278366977771665,No Exitoso
388,Producto 48,0.0011089402988682827,0.0011128673435389026,No Exitoso
389,Producto 71,0.00018020279856609595,0.0005667680145422245,No Exitoso
390,Producto 568,0.0007580715883063581,0.0008408109001832022,No Exitoso
391,Producto 426,0.0038812910460389893,0.003606514539246444,Comun
392,Producto 308,0.00015891114482782491,0.00027853306576823116,No Exitoso
393,Producto 496,0.007319005972530665,0.0031283937546149154,Comun
394,Producto 112,0.00036606119265642016,0.0007781934408342179,No Exitoso
395,Producto 177,0.0026614567172838785,0.0002967646249437074,Comun
396,Producto 381,0.0003326820896604848,0.0004575121301215489,No Exitoso
397,Producto 318,0.00010069177913724007,0.0002951100232912932,No Exitoso
398,Producto 149,0.00010346412988441079,0.0005683051008076574,No Exitoso
399,Producto 589,0.00033600891055708963,0.0004951079183004342,No Exitoso
400,Producto 491,0.0003326820896604848,0.0004884251118865184,No Exitoso
401,Producto 561,0.00022067911947478826,0.00028918169693811226,No Exitoso
402,Producto 127,0.0007893437047344436,0.001060145095096918,No Exitoso
403,Producto 25,0.00025195123590287383,0.000656596470309679,No Exitoso
404,Producto 350,0.0007762582092077978,0.00030294722129670126,No Exitoso
405,Producto 468,0.005544701494341413,0.004739990537295326,Comun
406,Producto 505,7.962191345874269e-05,0.00013356130855702884,No Exitoso
407,Producto 452,0.0017743044781892523,0.003198463179948846,Comun
408,Producto 247,0.0059882776138887265,0.0053417632489867325,Comun
409,Producto 302,0.0008871522390946261,0.0016486923607983742,No Exitoso
410,Producto 415,0.00023853305828656758,0.0004457602943677394,No Exitoso
411,Producto 534,0.004103079105812646,0.0037363490626593156,Comun
412,Producto 474,0.0005073401867322394,0.0005593964271211649,No Exitoso
413,Producto 154,0.0003326820896604848,0.0004760599191805306,No Exitoso
414,Producto 92,0.0001423879343746875,0.000245976964374755,No Exitoso
415,Producto 485,0.00045577446283486423,0.0009756840320923426,No Exitoso
416,Producto 325,0.00027523898217910776,0.0009303833388575556,No Exitoso
417,Producto 382,0.003770397016152161,0.005325276325378749,Comun
418,Producto 272,0.007873476121964807,0.011852037208689313,Exitoso
419,Producto 292,0.0003657285105667596,0.0006664069902843942,No Exitoso
420,Producto 283,0.00022611292693924286,0.0003882589784535778,No Exitoso
421,Producto 164,0.002328774627623394,0.0019042396767221224,Comun
422,Producto 451,0.0003071764627865143,0.0005420399976566638,No Exitoso
423,Producto 207,0.000612135044975292,0.0004944488576748276,No Exitoso
424,Producto 528,0.0003326820896604848,0.0004822425155335245,No Exitoso
425,Producto 14,6.409674927458673e-05,0.0005524954687740378,No Exitoso
426,Producto 407,0.0005196494240496773,0.0006523353211795073,No Exitoso
427,Producto 172,0.0006628136166335726,0.0006539954216554236,No Exitoso
428,Producto 142,0.0026614567172838785,0.0035611754993244886,Comun
429,Producto 150,0.0001525901851242757,0.0010553707547851156,No Exitoso
430,Producto 403,0.002883244777057535,0.0034828626121865655,Comun
431,Producto 123,0.00020936792842633176,0.0005144612850773007,No Exitoso
432,Producto 46,0.005877383584001898,0.0017476139024462769,Comun
433,Producto 95,0.0017743044781892523,0.0005275815554554797,Comun
434,Producto 347,0.00048128008970883465,0.0005354725008007483,No Exitoso
435,Producto 246,0.0003326820896604848,0.00035859058847364643,No Exitoso
436,Producto 81,0.006099171643775555,0.003740470793561312,Comun
437,Producto 257,0.0002974177881564734,0.0005376133747440089,No Exitoso
438,Producto 378,0.0005070075046425789,0.0006483046110272632,No Exitoso
439,Producto 76,0.0013307283586419393,0.0010139458018910003,No Exitoso
440,Producto 153,0.0026614567172838785,0.0004451469374155611,Comun
441,Producto 429,9.913926271882448e-05,0.0005426881011285651,No Exitoso
442,Producto 463,0.005655595524228242,0.005150102762043922,Comun
443,Producto 53,0.00036583940459664646,0.0007862007549023945,No Exitoso
444,Producto 591,0.00964778060015406,0.016674462364024558,Exitoso
445,Producto 394,0.00012797171048939981,0.000238655009895548,No Exitoso
446,Producto 206,0.0015525164184155957,0.0015003100483265207,Comun
447,Producto 436,4.857158509043078e-05,0.00020187547618810242,No Exitoso
448,Producto 19,0.00018940700304670267,0.0006984319805046499,No Exitoso
449,Producto 482,0.0007163754330689106,0.0011853937165726722,No Exitoso
450,Producto 293,0.00013994826571717727,0.00030643618522297893,No Exitoso
451,Producto 232,0.0006653641793209696,0.0006058944425934025,No Exitoso
452,Producto 469,6.50947955435682e-05,0.00032219265242496915,No Exitoso
453,Producto 181,0.0015525164184155957,0.0018753875604081507,Comun
454,Producto 235,0.0014416223885287676,0.0004822425155335245,No Exitoso
455,Producto 304,0.00022178805977365654,0.00031737327945368705,No Exitoso
456,Producto 383,0.0004083118180433017,0.0005581398963303186,No Exitoso
457,Producto 249,0.0005872947822806425,0.0007367767886673066,No Exitoso
458,Producto 477,0.00017000054781650772,0.00024910889556964465,No Exitoso
459,Producto 276,0.0005772034255609412,0.0007026609237860981,No Exitoso
460,Producto 122,0.004546655225359959,0.006168170294836918,Comun
461,Producto 51,0.0005072292927023525,0.0009562507252739465,No Exitoso
462,Producto 238,0.0003831388732589917,0.0007649898490212705,No Exitoso
463,Producto 413,0.00022178805977365654,0.00037507751208163017,No Exitoso
464,Producto 316,0.00022178805977365654,0.00037095578117963423,No Exitoso
465,Producto 162,0.0031050328368311913,0.00242357777037361,Comun
466,Producto 300,0.0017743044781892523,0.003264410874380781,Comun
467,Producto 44,0.00011089402988682827,0.00014013885066786183,No Exitoso
468,Producto 581,5.212019404680928e-05,0.0003258484157295193,No Exitoso
469,Producto 500,0.00024729368664762704,0.000217024663723098,No Exitoso
470,Producto 332,0.0017743044781892523,0.0027698031661412686,Comun
471,Producto 306,0.00035674609414592653,0.000378447215930123,No Exitoso
472,Producto 472,0.0015525164184155957,0.002567838351943468,Comun
473,Producto 217,0.0001690025015475263,0.00020065012967843262,No Exitoso
474,Producto 241,5.977188210900044e-05,0.00045238929186111913,No Exitoso
475,Producto 54,0.0003383376851847131,0.00034752832094203835,No Exitoso
476,Producto 466,0.0007762582092077978,0.0012694931178147482,No Exitoso
477,Producto 567,6.86434044999467e-05,0.00017055229656807856,No Exitoso
478,Producto 242,0.0009980462689814543,0.0014467275466005735,No Exitoso
479,Producto 155,0.0004447959538760682,0.000492435444656028,No Exitoso
480,Producto 143,0.00020138355827448013,0.0003618606769641041,No Exitoso
481,Producto 359,0.00045089512551984374,0.00085048130102242,No Exitoso
482,Producto 197,0.004657549255246788,0.005539606332282537,Comun
483,Producto 391,0.003992185075925817,0.004154704749211903,Comun
484,Producto 344,0.007208111942643838,0.0013395625431486791,Comun
485,Producto 311,0.00018741091050873977,0.00085874829921468,No Exitoso
486,Producto 358,0.0017743044781892523,0.001978430832958049,Comun
487,Producto 27,0.0006653641793209696,0.0010015806091850123,No Exitoso
488,Producto 404,0.00019949835976640405,0.00017106499510171778,No Exitoso
489,Producto 373,0.0008319270122109857,0.0010333916416933853,No Exitoso
490,Producto 352,0.00013362730601362808,0.0010446667961903746,No Exitoso
491,Producto 374,0.004768443285133615,0.006291822221896796,Comun
492,Producto 1,5.7997577630811185e-05,0.00013087299941203054,No Exitoso
493,Producto 137,0.006986323882870181,0.0011685107107158477,Comun
494,Producto 410,0.0004536674762670145,0.00048690355639475916,No Exitoso
495,Producto 563,4.712996270190201e-05,0.000274856567199259,No Exitoso
496,Producto 430,0.000468194594182189,0.0007890484001364561,No Exitoso
497,Producto 57,0.00011089402988682827,0.00016280837062883946,No Exitoso
498,Producto 498,0.000472630355377662,0.0005253138478716823,No Exitoso
499,Producto 334,0.0007762582092077978,0.001154084652558862,No Exitoso
500,Producto 184,4.491208210416545e-05,4.7790022378058555e-05,No Exitoso
501,Producto 569,0.000390014303111975,0.0006460530171425953,No Exitoso
502,Producto 259,7.784760898055345e-05,0.00046846415794685235,No Exitoso
503,Producto 30,0.003992185075925817,0.0021515435308418784,Comun
504,Producto 412,0.006320959703549211,0.005755997204637324,Comun
505,Producto 437,0.0006885410315673167,0.0006079682799893714,No Exitoso
506,Producto 303,0.0015525164184155957,0.001990796025664037,Comun
507,Producto 233,8.804985973014165e-05,0.00043521361381319,No Exitoso
508,Producto 387,0.0004532239001474671,0.0009223157552497123,No Exitoso
509,Producto 600,0.0006898717599259586,0.0009761646671470329,No Exitoso
510,Producto 329,0.00048061472552951367,0.0008497124462291286,No Exitoso
511,Producto 461,0.002328774627623394,0.003289141259792757,Comun
512,Producto 282,0.00017244021647401796,0.00017173531460464866,No Exitoso
513,Producto 433,0.0010608122898973992,0.0010779065132904687,No Exitoso
514,Producto 585,0.00041119506282035926,0.0005117163533411122,No Exitoso
515,Producto 141,0.0007095000032159273,0.0009052401514514666,No Exitoso
516,Producto 313,0.0002651476254594064,0.0009273944469687568,No Exitoso
517,Producto 160,0.0036595029862653327,0.0041485221528589095,Comun
518,Producto 515,0.0005022390613574452,0.0008283668334316518,No Exitoso
519,Producto 562,0.0003326820896604848,0.00025966904682574394,No Exitoso
520,Producto 284,0.000364841358327665,0.0006565735051417507,No Exitoso
521,Producto 192,0.00019240114185364705,0.00020391124439864337,No Exitoso
522,Producto 337,0.00044357611954731307,0.0007748854095752359,No Exitoso
523,Producto 340,0.0003326820896604848,5.5643367176945135e-05,No Exitoso
524,Producto 82,0.00038469138967740725,0.0003303014558689242,No Exitoso
525,Producto 106,0.0004063157255053388,0.00048634851463818466,No Exitoso
526,Producto 501,6.797804032062572e-05,0.0003316490525587611,No Exitoso
527,Producto 125,0.00023132494634392375,0.0002972839034591198,No Exitoso
528,Producto 151,0.0008353647271374774,0.000763791162496351,No Exitoso
529,Producto 214,0.0004181813867032294,0.0006165501342316233,No Exitoso
530,Producto 109,0.0029941388069443632,0.004284539272624776,Comun
531,Producto 152,0.006320959703549211,0.0011746933070688418,Comun
532,Producto 237,0.000382917085199218,0.0004655437272530083,No Exitoso
533,Producto 130,0.00022178805977365654,0.00038332097388562203,No Exitoso
534,Producto 244,9.292919704516209e-05,0.00048477340292948695,No Exitoso
535,Producto 356,0.0006653641793209696,0.0009397546456550734,No Exitoso
536,Producto 489,4.59101283731469e-05,3.866771151077582e-05,No Exitoso
537,Producto 512,0.00015425359557257813,0.00043237627468939926,No Exitoso
538,Producto 328,0.0006653641793209696,0.0006058944425934025,No Exitoso
539,Producto 111,0.003992185075925817,0.0017805877496622443,Comun
540,Producto 135,7.041770897813595e-05,0.00014780465484102006,No Exitoso
541,Producto 290,0.0005567989240617648,0.0009746962361431616,No Exitoso
542,Producto 345,0.003992185075925817,0.00541595440522266,Comun
543,Producto 481,0.00576648955411507,0.009966345321026172,Comun
544,Producto 170,0.00011089402988682827,0.0001360171197658659,No Exitoso
545,Producto 467,0.000906669588354708,0.000742825503563203,No Exitoso
546,Producto 535,0.00016611925677046874,0.0003688668569971438,No Exitoso
547,Producto 547,0.0034377149264916765,0.002811020475161228,Comun
548,Producto 47,0.00013695412691023292,0.00034930365049193405,No Exitoso
549,Producto 341,0.00017975922244654863,0.0009357308990535899,No Exitoso
550,Producto 580,0.0014416223885287676,0.001473518797463547,No Exitoso
551,Producto 442,0.004990231344907272,0.004915164100630153,Comun
552,Producto 533,0.0015525164184155957,0.000836711373105175,Comun
553,Producto 86,0.0006028199464647985,0.0008902572553068202,No Exitoso
554,Producto 179,0.0013307283586419393,0.0003462253957676586,No Exitoso
555,Producto 165,0.008427946271398949,0.003915644356896139,Exitoso
556,Producto 527,9.015684629799137e-05,0.00027538857908033793,No Exitoso
557,Producto 310,0.0009980462689814543,0.0013910841794236284,No Exitoso
558,Producto 408,0.0006653641793209696,0.0005935292498874148,No Exitoso
559,Producto 168,0.00028710464337699837,0.0009439623505420835,No Exitoso
560,Producto 117,0.0008871522390946261,0.0002967646249437074,No Exitoso
561,Producto 119,0.0003326820896604848,0.000574981460828433,No Exitoso
562,Producto 478,0.004546655225359959,0.0056611973938914175,Comun
563,Producto 343,0.0005685536912297685,0.0007222799823890608,No Exitoso
564,Producto 59,0.00010745631496033659,0.00012417429665799502,No Exitoso
565,Producto 5,0.002883244777057535,0.00037507751208163017,Comun
566,Producto 503,0.0013307283586419393,0.001285980041422732,No Exitoso
567,Producto 573,0.0026614567172838785,0.004649312457451415,Comun
568,Producto 49,0.0007424355300923153,0.0007970172624045845,No Exitoso
569,Producto 256,0.00011089402988682827,0.0001092258689028923,No Exitoso
570,Producto 88,0.0026614567172838785,0.0007913723331832197,Comun
571,Producto 570,0.0002991920926346627,0.0007400450119070665,No Exitoso
572,Producto 539,0.0003330147717501453,0.0005906055017475843,No Exitoso
573,Producto 74,0.00012763902839973935,0.0006071209752913314,No Exitoso
574,Producto 6,0.0006653641793209696,0.00039568616659160983,No Exitoso
575,Producto 268,0.0002777895448665048,0.0008011022533844349,No Exitoso
576,Producto 531,2.960870597978315e-05,0.0002398403790604469,No Exitoso
577,Producto 559,0.00039090145535106965,0.0007474731277420044,No Exitoso
578,Producto 245,0.00255056268739705,0.0033653932814796815,Comun
579,Producto 126,0.00010501664630282636,0.0005737858751685621,No Exitoso
580,Producto 522,0.0007762582092077978,0.0007934331986342177,No Exitoso
581,Producto 384,0.0011089402988682827,0.00022669519960977647,No Exitoso
582,Producto 441,0.0015525164184155957,0.0012406410015007767,Comun
583,Producto 422,0.00025084229560400556,0.0009079430306992616,No Exitoso
584,Producto 456,0.0003290225866742195,0.0005902486135272633,No Exitoso
585,Producto 416,0.0007326768554622744,0.0008106631244500032,No Exitoso
586,Producto 176,0.0034377149264916765,0.000702755118790307,Comun
587,Producto 541,0.00029475633143918954,0.0003860205707753559,No Exitoso
588,Producto 424,0.006210065673662383,0.003577662422932472,Comun
589,Producto 3,0.0036595029862653327,0.005508693350517568,Comun
590,Producto 363,0.0015525164184155957,0.0001154084652558862,Comun
591,Producto 104,5.4559862704319505e-05,0.00011276593497666263,No Exitoso
592,Producto 423,0.00040942075834217,0.0006203469271590422,No Exitoso
593,Producto 398,6.775625226085207e-05,0.00039639376652482244,No Exitoso
594,Producto 458,0.008649734331172604,0.009162607795136965,Exitoso
595,Producto 62,0.004324867165586302,0.005545788928635532,Comun
596,Producto 399,0.006210065673662383,0.009578902616238555,Comun
597,Producto 588,0.0003729366225094035,0.00040936869015644096,No Exitoso
598,Producto 299,0.001219834328755111,0.0021082653563709213,Comun
599,Producto 22,0.00022178805977365654,0.00034210366486566265,No Exitoso
